
<?xml version="1.0" encoding="UTF-8" standalone="yes"?>
<addon id="repository.mascanales" name="Kodi-Mascanales Repo" version="1.0.0" provider-name="Mascanales">
	<extension point="xbmc.addon.repository" name="Kodi-Mascanales Repo">
		<info compressed="false">https://raw.githubusercontent.com/mascanales/koditv/master/addons.xml</info>
		<checksum>https://raw.githubusercontent.com/mascanales/koditv/master/addons.xml.md5</checksum>
		<datadir zip="true">https://raw.githubusercontent.com/mascanales/koditv/master</datadir>
	</extension>
	<extension point="xbmc.addon.metadata">
		<summary>Kodi-Mascanales Repo</summary>
   		<description lang="en">Instala los Addons de Kodi.</description>
		<disclaimer></disclaimer>
		<platform>all</platform>
	</extension>
</addon>
